Result,Down,FirstDownDistance,PointDifference,EndZoneDistance,Quarter,Minutes,Seconds,Opponent
Run,1,10,0,75,1,15,0,Bears
Pass,2,10,0,75,1,14,33,Bears
Pass,3,10,0,75,1,13,45,Bears
Punt,4,20,0,85,1,13,15,Bears
Pass,1,10,0,88,1,9,39,Bears
Run,2,10,0,88,1,9,33,Bears
Pass,3,10,0,88,1,8,51,Bears
Punt,4,17,0,95,1,8,4,Bears
Pass,1,10,-3,60,1,4,9,Bears
Pass,2,10,-3,60,1,4,7,Bears
Pass,3,5,-3,55,1,3,25,Bears
Punt,4,5,-3,55,1,3,20,Bears
Pass,1,10,-3,74,2,14,43,Bears
Pass,1,10,-3,27,2,14,8,Bears
Pass,2,1,-3,18,2,13,44,Bears
Pass,1,8,-3,8,2,13,15,Bears
Pass,1,10,4,96,2,11,10,Bears
Pass,2,1,4,87,2,10,30,Bears
Run,1,10,4,86,2,9,46,Bears
Run,2,5,4,81,2,9,6,Bears
Pass,3,5,4,81,2,8,20,Bears
Pass,1,10,4,70,2,7,42,Bears
Run,2,5,4,65,2,7,3,Bears
Pass,3,6,4,66,2,6,19,Bears
Punt,4,14,4,74,2,5,37,Bears
Run,1,10,4,65,2,2,7,Bears
Pass,2,7,4,62,2,2,0,Bears
Pass,3,7,4,62,2,1,54,Bears
Pass,1,10,4,52,2,1,27,Bears
Pass,2,4,4,46,2,1,4,Bears
Pass,3,4,4,46,2,1,0,Bears
Punt,4,9,4,51,2,0,55,Bears
Pass,1,10,4,67,2,0,15,Bears
Pass,1,10,4,51,2,0,9,Bears
Run,1,10,4,66,3,13,42,Bears
Pass,2,7,4,63,3,13,17,Bears
Pass,2,17,4,73,3,13,11,Bears
Pass,1,10,4,35,3,13,4,Bears
Pass,2,10,4,35,3,12,59,Bears
Pass,3,5,4,30,3,12,16,Bears
Pass,3,15,4,40,3,11,43,Bears
Punt,4,22,4,47,3,10,58,Bears
Run,1,10,4,58,3,9,1,Bears
Pass,2,10,4,58,3,8,16,Bears
Pass,3,15,4,63,3,7,27,Bears
Punt,4,20,4,68,3,6,43,Bears
Run,1,10,4,70,3,3,54,Bears
Run,2,1,4,61,3,3,18,Bears
Run,1,10,4,55,3,2,31,Bears
Pass,2,8,4,53,3,1,58,Bears
Run,1,10,4,57,3,1,23,Bears
Pass,2,17,4,50,3,0,19,Bears
Pass,3,17,4,50,3,0,12,Bears
Punt,4,17,4,50,4,15,0,Bears
Run,1,10,4,94,4,11,48,Bears
Pass,2,9,4,93,4,11,7,Bears
Run,1,10,4,65,4,10,23,Bears
Pass,2,13,4,68,4,9,15,Bears
Pass,1,10,4,40,4,8,31,Bears
Run,2,10,4,40,4,8,22,Bears
Pass,3,4,4,34,4,8,1,Bears
Run,1,10,4,29,4,7,32,Bears
Run,2,10,4,29,4,6,49,Bears
Run,3,12,4,31,4,6,5,Bears
Field Goal,4,2,4,21,4,5,20,Bears
Run,1,10,10,80,4,1,58,Bears
Pass,2,5,10,75,4,1,53,Bears
Run,3,5,10,75,4,1,50,Bears
Punt,4,3,10,73,4,1,45,Bears
Kneel,1,5,10,5,4,1,2,Bears
Kneel,2,6,10,6,4,0,28,Bears
Pass,1,10,0,75,1,15,0,Vikings
Run,1,10,0,36,1,14,19,Vikings
Run,2,4,0,30,1,13,40,Vikings
Pass,1,10,0,15,1,12,59,Vikings
Pass,1,10,7,63,1,9,16,Vikings
Run,2,4,7,57,1,8,51,Vikings
Pass,3,6,7,59,1,8,12,Vikings
Run,1,10,7,45,1,7,39,Vikings
Run,2,9,7,44,1,6,59,Vikings
Pass,3,5,7,40,1,6,13,Vikings
Run,1,10,7,19,1,5,37,Vikings
Pass,2,10,7,19,1,4,56,Vikings
Pass,3,4,7,13,1,4,9,Vikings
Pass,1,7,7,7,1,3,29,Vikings
Pass,2,12,7,12,1,3,23,Vikings
Pass,1,10,14,33,1,1,16,Vikings
Run,1,10,14,18,1,0,40,Vikings
Pass,2,1,14,9,2,15,0,Vikings
Run,1,2,14,2,2,14,20,Vikings
Run,1,10,14,75,2,14,0,Vikings
Pass,1,10,14,65,2,13,31,Vikings
Run,1,10,14,40,2,13,24,Vikings
Pass,2,6,14,36,2,12,48,Vikings
Run,1,10,14,70,2,11,39,Vikings
Run,2,5,14,65,2,10,57,Vikings
Run,3,1,14,61,2,10,14,Vikings
Punt,4,1,14,61,2,9,36,Vikings
Run,1,10,14,77,2,7,57,Vikings
Pass,2,4,14,71,2,7,16,Vikings
Pass,3,4,14,71,2,7,9,Vikings
Pass,1,15,14,70,2,6,7,Vikings
Pass,2,15,14,70,2,5,59,Vikings
Pass,3,18,14,73,2,5,12,Vikings
Punt,4,18,14,73,2,5,6,Vikings
Pass,1,10,14,47,2,4,4,Vikings
Run,2,5,14,42,2,3,23,Vikings
Run,1,10,14,34,2,2,47,Vikings
Run,2,6,14,30,2,2,8,Vikings
Pass,3,1,14,25,2,2,0,Vikings
Run,4,1,14,25,2,1,37,Vikings
Pass,1,10,11,75,2,0,51,Vikings
Pass,2,10,11,75,2,0,45,Vikings
Pass,3,16,11,81,2,0,36,Vikings
Punt,4,16,11,81,2,0,30,Vikings
Run,1,10,11,75,3,13,49,Vikings
Run,2,1,11,66,3,13,6,Vikings
Pass,3,2,11,67,3,12,22,Vikings
Run,1,15,11,60,3,11,35,Vikings
Pass,2,12,11,57,3,10,56,Vikings
Run,1,10,5,75,3,9,12,Vikings
Run,1,10,5,64,3,8,45,Vikings
Run,2,1,5,55,3,8,0,Vikings
Run,1,10,5,53,3,7,17,Vikings
Pass,2,7,5,50,3,6,33,Vikings
Pass,3,7,5,50,3,6,26,Vikings
Punt,4,17,5,60,3,5,41,Vikings
Pass,1,10,5,99,3,0,51,Vikings
Pass,1,10,5,84,3,0,10,Vikings
Run,2,10,5,84,3,0,4,Vikings
Pass,3,6,5,80,4,15,0,Vikings
Punt,4,6,5,80,4,14,52,Vikings
Pass,1,10,5,78,4,11,48,Vikings
Pass,2,10,5,78,4,11,44,Vikings
Pass,2,20,5,88,4,11,23,Vikings
Pass,3,28,5,96,4,10,36,Vikings
Punt,4,16,5,84,4,10,21,Vikings
Pass,1,10,5,80,4,5,10,Vikings
Pass,2,10,5,80,4,5,3,Vikings
Pass,3,10,5,80,4,4,57,Vikings
Punt,4,2,5,72,4,4,14,Vikings
Run,1,10,5,79,4,3,14,Vikings
Run,2,8,5,77,4,2,27,Vikings
Run,1,10,5,64,4,2,19,Vikings
Pass,2,6,5,60,4,2,0,Vikings
Run,1,10,5,53,4,1,53,Vikings
Run,2,8,5,51,4,1,47,Vikings
Run,3,7,5,50,4,1,2,Vikings
Punt,4,9,5,52,4,0,13,Vikings
Pass,1,10,0,75,1,15,0,Broncos
Run,2,2,0,67,1,14,25,Broncos
Pass,1,10,0,63,1,13,49,Broncos
Run,1,10,0,44,1,13,0,Broncos
Pass,2,6,0,40,1,12,22,Broncos
Run,1,10,7,80,1,10,11,Broncos
Pass,2,7,7,77,1,9,49,Broncos
Pass,1,10,7,63,1,9,42,Broncos
Pass,2,15,7,68,1,9,38,Broncos
Pass,3,15,7,68,1,9,33,Broncos
Run,1,10,7,40,1,8,56,Broncos
Pass,2,13,7,43,1,8,15,Broncos
Pass,3,13,7,43,1,8,7,Broncos
Punt,4,13,7,43,1,8,2,Broncos
Run,1,10,0,75,2,14,18,Broncos
Run,2,12,0,77,2,13,16,Broncos
Pass,1,10,0,50,2,12,50,Broncos
Pass,1,10,0,28,2,12,36,Broncos
Run,2,4,0,22,2,12,4,Broncos
Pass,3,6,0,24,2,11,27,Broncos
Field Goal,4,6,0,24,2,11,23,Broncos
Run,1,10,0,75,2,3,50,Broncos
Pass,2,7,0,72,2,3,13,Broncos
Pass,3,3,0,68,2,2,44,Broncos
Punt,4,3,0,68,2,2,35,Broncos
Run,1,5,0,5,2,2,17,Broncos
Run,2,7,0,7,2,2,0,Broncos
Run,1,10,7,90,2,1,3,Broncos
Run,2,4,7,84,2,0,24,Broncos
Kneel,2,12,7,92,2,0,18,Broncos
Pass,1,10,7,37,3,13,44,Broncos
Pass,2,1,7,28,3,13,5,Broncos
Pass,1,1,7,1,3,12,18,Broncos
Run,2,1,7,1,3,12,15,Broncos
Run,1,10,8,75,3,5,59,Broncos
Pass,1,20,8,85,3,5,30,Broncos
Pass,2,20,8,85,3,5,26,Broncos
Pass,3,20,8,85,3,5,21,Broncos
Punt,4,3,8,68,3,4,34,Broncos
Run,1,10,8,72,3,1,43,Broncos
Run,2,5,8,67,3,1,0,Broncos
Pass,1,10,8,61,3,0,28,Broncos
Pass,2,10,8,61,3,0,25,Broncos
Pass,3,10,8,61,3,0,22,Broncos
Punt,4,10,8,61,3,0,16,Broncos
Run,1,10,8,74,4,13,30,Broncos
Pass,2,6,8,70,4,12,48,Broncos
Run,1,10,8,56,4,12,5,Broncos
Pass,2,9,8,55,4,11,21,Broncos
Pass,3,5,8,51,4,10,41,Broncos
Run,1,10,8,41,4,9,56,Broncos
Run,2,1,8,32,4,9,10,Broncos
Pass,1,15,8,36,4,7,58,Broncos
Pass,2,11,8,32,4,7,15,Broncos
Pass,3,12,8,33,4,6,36,Broncos
Field Goal,4,2,8,23,4,5,53,Broncos
Run,1,10,11,43,4,2,16,Broncos
Run,1,10,11,31,4,2,6,Broncos
Run,2,8,11,29,4,2,0,Broncos
Run,3,10,11,31,4,1,53,Broncos
Field Goal,4,6,11,27,4,1,9,Broncos
Pass,1,10,0,89,1,12,49,Eagles
Pass,1,10,0,74,1,12,25,Eagles
Pass,2,1,0,65,1,11,52,Eagles
Pass,1,7,0,7,1,11,11,Eagles
Run,2,3,0,3,1,10,36,Eagles
Run,1,10,7,90,1,7,2,Eagles
Pass,2,8,7,88,1,6,7,Eagles
Pass,1,10,7,76,1,5,26,Eagles
Pass,1,20,7,86,1,5,20,Eagles
Pass,1,10,7,67,1,4,55,Eagles
Run,1,10,7,56,1,4,20,Eagles
Pass,2,3,7,49,1,3,43,Eagles
Run,1,10,7,39,1,2,56,Eagles
Pass,2,10,7,39,1,2,13,Eagles
Run,1,10,7,26,1,1,41,Eagles
Run,2,10,7,26,1,1,5,Eagles
Pass,3,7,7,23,1,0,17,Eagles
Run,1,10,7,15,2,15,0,Eagles
Pass,2,7,7,12,2,14,15,Eagles
Pass,3,7,7,12,2,14,8,Eagles
Field Goal,4,7,7,12,2,14,4,Eagles
Run,1,10,3,76,2,11,43,Eagles
Pass,2,12,3,78,2,10,59,Eagles
Pass,3,10,3,76,2,10,20,Eagles
Run,1,10,3,21,2,9,56,Eagles
Run,2,6,3,17,2,9,17,Eagles
Pass,3,2,3,13,2,8,33,Eagles
Field Goal,4,2,3,13,2,8,28,Eagles
Pass,1,15,-1,80,2,2,45,Eagles
Pass,2,6,-1,71,2,2,0,Eagles
Pass,1,10,-8,70,2,0,59,Eagles
Pass,1,10,-8,59,2,0,55,Eagles
Pass,2,10,-8,59,2,0,49,Eagles
Run,1,10,-8,54,2,0,44,Eagles
Pass,2,6,-8,50,2,0,36,Eagles
Pass,3,6,-8,50,2,0,31,Eagles
Pass,1,10,-8,19,2,0,15,Eagles
Pass,2,10,-8,19,2,0,14,Eagles
Run,1,10,-1,75,3,15,0,Eagles
Pass,2,6,-1,71,3,14,17,Eagles
Run,1,10,-1,58,3,14,13,Eagles
Run,2,7,-1,55,3,13,51,Eagles
Pass,3,7,-1,55,3,13,8,Eagles
Punt,4,7,-1,55,3,13,3,Eagles
Run,1,10,-7,75,3,9,12,Eagles
Pass,2,12,-7,77,3,8,34,Eagles
Pass,3,3,-7,68,3,8,1,Eagles
Punt,4,3,-7,68,3,7,58,Eagles
Pass,1,10,-7,72,3,6,50,Eagles
Pass,2,10,-7,72,3,6,44,Eagles
Run,1,10,-7,58,3,6,4,Eagles
Pass,2,14,-7,62,3,5,23,Eagles
Pass,3,7,-7,55,3,4,40,Eagles
Pass,1,10,-7,29,3,4,6,Eagles
Pass,1,10,-7,14,3,3,25,Eagles
Pass,2,10,-7,14,3,3,21,Eagles
Pass,1,10,-7,79,4,14,8,Eagles
Run,2,1,-7,70,4,13,31,Eagles
Pass,1,10,-7,56,4,12,48,Eagles
Pass,1,10,-7,42,4,12,5,Eagles
Pass,1,10,-7,25,4,11,38,Eagles
Pass,2,6,-7,21,4,10,55,Eagles
Pass,3,6,-7,21,4,10,52,Eagles
Pass,1,8,-7,8,4,10,5,Eagles
Pass,2,5,-7,5,4,9,22,Eagles
Pass,1,1,-7,1,4,9,19,Eagles
Pass,2,1,-7,1,4,9,15,Eagles
Pass,3,1,-7,1,4,9,12,Eagles
Pass,4,1,-7,1,4,9,8,Eagles
Pass,1,10,-7,89,4,5,2,Eagles
Pass,1,10,-7,77,4,4,38,Eagles
Pass,2,10,-7,77,4,4,34,Eagles
Pass,3,8,-7,75,4,4,26,Eagles
Pass,1,10,-7,64,4,3,40,Eagles
Pass,2,2,-7,56,4,3,9,Eagles
Pass,1,10,-7,43,4,2,39,Eagles
Pass,2,8,-7,41,4,2,5,Eagles
Pass,3,8,-7,41,4,1,59,Eagles
Pass,1,10,-7,35,4,1,54,Eagles
Pass,1,10,-7,18,4,1,19,Eagles
Pass,2,10,-7,18,4,1,15,Eagles
Run,1,7,-7,7,4,1,6,Eagles
Pass,2,3,-7,3,4,0,28,Eagles
Pass,1,10,0,75,1,15,0,Cowboys
Run,2,4,0,69,1,14,31,Cowboys
Pass,3,8,0,73,1,13,30,Cowboys
Pass,3,18,0,83,1,13,2,Cowboys
Punt,4,9,0,73,1,12,40,Cowboys
Pass,1,10,0,47,1,10,26,Cowboys
Pass,1,10,0,29,1,9,52,Cowboys
Pass,2,10,0,29,1,9,48,Cowboys
Pass,1,10,0,18,1,9,6,Cowboys
Run,2,10,0,18,1,9,3,Cowboys
Pass,1,10,7,89,1,5,23,Cowboys
Pass,1,10,7,66,1,4,38,Cowboys
Run,2,2,7,58,1,3,53,Cowboys
Run,1,10,7,51,1,3,11,Cowboys
Pass,2,8,7,49,1,2,36,Cowboys
Pass,1,10,7,26,1,2,17,Cowboys
Run,2,8,7,24,1,1,35,Cowboys
Pass,1,9,7,9,1,0,50,Cowboys
Run,2,3,7,3,1,0,7,Cowboys
Run,1,10,14,72,2,12,36,Cowboys
Run,2,6,14,68,2,11,52,Cowboys
Pass,2,16,14,78,2,11,30,Cowboys
Pass,3,16,14,78,2,11,26,Cowboys
Punt,4,16,14,78,2,11,22,Cowboys
Run,1,10,14,81,2,8,22,Cowboys
Pass,1,10,14,65,2,7,47,Cowboys
Run,1,10,14,43,2,7,3,Cowboys
Pass,2,9,14,42,2,6,21,Cowboys
Run,1,10,14,27,2,6,15,Cowboys
Pass,2,7,14,24,2,5,30,Cowboys
Pass,3,7,14,24,2,5,25,Cowboys
Run,1,10,14,12,2,4,36,Cowboys
Run,2,3,14,5,2,3,53,Cowboys
Run,1,1,14,1,2,3,12,Cowboys
Pass,2,2,14,2,2,2,32,Cowboys
Pass,3,2,14,2,2,2,25,Cowboys
Field Goal,4,2,14,2,2,2,23,Cowboys
Pass,1,10,17,56,2,0,40,Cowboys
Pass,2,10,17,56,2,0,33,Cowboys
Pass,3,10,17,56,2,0,27,Cowboys
Punt,4,12,17,58,2,0,21,Cowboys
Pass,1,10,17,58,3,13,26,Cowboys
Run,2,1,17,49,3,12,37,Cowboys
Pass,3,4,17,52,3,11,54,Cowboys
Pass,1,10,17,40,3,11,13,Cowboys
Pass,2,10,17,40,3,11,5,Cowboys
Pass,3,2,17,32,3,10,17,Cowboys
Pass,1,10,17,10,3,9,43,Cowboys
Run,1,5,17,5,3,9,38,Cowboys
Run,1,10,21,79,3,5,48,Cowboys
Pass,1,10,21,64,3,5,16,Cowboys
Pass,1,10,21,25,3,5,7,Cowboys
Pass,1,10,21,10,3,4,23,Cowboys
Run,2,1,21,1,3,3,34,Cowboys
Pass,1,10,21,75,3,2,0,Cowboys
Run,1,20,21,85,3,1,53,Cowboys
Pass,2,17,21,82,3,1,13,Cowboys
Pass,3,10,21,75,3,0,32,Cowboys
Punt,4,10,21,75,3,0,27,Cowboys
Run,1,10,14,75,4,13,52,Cowboys
Run,2,5,14,70,4,13,11,Cowboys
Pass,3,5,14,70,4,12,32,Cowboys
Pass,1,10,14,65,4,12,26,Cowboys
Pass,2,10,14,65,4,12,21,Cowboys
Pass,3,27,14,82,4,11,21,Cowboys
Punt,4,20,14,75,4,10,37,Cowboys
Run,1,10,14,29,4,10,21,Cowboys
Run,2,5,14,24,4,9,39,Cowboys
Pass,3,7,14,26,4,8,55,Cowboys
Field Goal,4,1,14,20,4,8,11,Cowboys
Run,1,10,10,75,4,7,46,Cowboys
Run,1,10,10,64,4,7,2,Cowboys
Run,2,7,10,61,4,6,14,Cowboys
Run,1,10,10,50,4,5,30,Cowboys
Pass,2,20,10,60,4,4,37,Cowboys
Pass,3,15,10,55,4,4,1,Cowboys
Punt,4,26,10,66,4,3,45,Cowboys
Kneel,1,10,10,77,4,1,41,Cowboys
Kneel,2,11,10,78,4,1,3,Cowboys
Kneel,3,13,10,80,4,0,29,Cowboys
Run,1,10,-3,83,1,12,38,Lions
Run,2,8,-3,81,1,12,2,Lions
Pass,3,4,-3,77,1,11,26,Lions
Punt,4,4,-3,77,1,11,20,Lions
Pass,1,10,-10,79,1,6,30,Lions
Pass,2,4,-10,73,1,5,45,Lions
Pass,1,10,-10,64,1,5,4,Lions
Run,1,10,-10,48,1,4,22,Lions
Run,2,5,-10,43,1,3,38,Lions
Pass,1,10,-13,60,2,13,28,Lions
Pass,1,20,-13,70,2,13,22,Lions
Pass,1,10,-13,49,2,12,47,Lions
Run,2,10,-13,49,2,12,42,Lions
Pass,2,16,-13,55,2,12,11,Lions
Pass,3,6,-13,45,2,11,34,Lions
Run,1,10,-13,38,2,10,53,Lions
Pass,2,5,-13,33,2,10,13,Lions
Pass,3,5,-13,33,2,10,7,Lions
Pass,1,10,-13,28,2,10,1,Lions
Run,2,10,-13,28,2,9,57,Lions
Run,1,10,-13,18,2,9,12,Lions
Pass,2,5,-13,13,2,8,30,Lions
Pass,3,5,-13,13,2,8,27,Lions
Field Goal,4,5,-13,13,2,8,20,Lions
Run,1,8,-13,8,2,8,20,Lions
Pass,2,5,-13,5,2,7,37,Lions
Run,1,10,-6,94,2,4,34,Lions
Run,2,9,-6,93,2,3,59,Lions
Run,3,1,-6,85,2,3,30,Lions
Pass,1,10,-6,81,2,2,52,Lions
Pass,2,8,-6,79,2,2,10,Lions
Pass,3,8,-6,79,2,2,4,Lions
Pass,1,10,-6,62,2,1,57,Lions
Run,2,3,-6,55,2,1,33,Lions
Pass,1,10,-6,10,2,1,18,Lions
Pass,1,19,-6,19,2,1,13,Lions
Pass,2,21,-6,21,2,1,1,Lions
Run,3,21,-6,21,2,0,56,Lions
Field Goal,4,19,-6,19,2,0,11,Lions
Pass,1,10,-3,78,3,14,54,Lions
Pass,1,10,-3,63,3,14,48,Lions
Run,1,10,-3,38,3,14,2,Lions
Run,2,6,-3,34,3,13,25,Lions
Pass,3,2,-3,30,3,12,45,Lions
Field Goal,4,2,-3,30,3,12,39,Lions
Pass,1,10,-3,90,3,8,56,Lions
Pass,2,16,-3,96,3,8,13,Lions
Pass,3,12,-3,92,3,7,27,Lions
Punt,4,4,-3,84,3,6,44,Lions
Run,1,10,-6,75,3,3,22,Lions
Pass,2,6,-6,71,3,2,48,Lions
Pass,3,6,-6,71,3,2,43,Lions
Punt,4,6,-6,71,3,2,39,Lions
Run,1,10,-6,70,3,0,24,Lions
Pass,2,1,-6,61,4,15,0,Lions
Pass,1,10,-6,15,4,14,11,Lions
Run,2,10,-6,15,4,14,7,Lions
Pass,3,7,-6,12,4,13,22,Lions
Run,1,10,-9,79,4,12,12,Lions
Pass,2,1,-9,70,4,11,29,Lions
Pass,1,10,-9,45,4,11,2,Lions
Pass,2,10,-9,45,4,10,24,Lions
Pass,3,10,-9,45,4,10,16,Lions
Run,1,10,-9,40,4,9,54,Lions
Pass,2,5,-9,35,4,9,17,Lions
Pass,3,5,-9,35,4,9,10,Lions
Run,1,10,-2,82,4,6,46,Lions
Pass,2,5,-2,77,4,6,16,Lions
Pass,1,10,-2,65,4,5,38,Lions
Run,2,8,-2,63,4,4,53,Lions
Pass,1,10,-2,51,4,4,7,Lions
Pass,2,7,-2,48,4,3,25,Lions
Run,1,10,-2,39,4,2,37,Lions
Pass,2,8,-2,37,4,2,0,Lions
Run,1,10,-2,22,4,1,55,Lions
Run,2,8,-2,20,4,1,50,Lions
Pass,3,4,-2,16,4,1,45,Lions
Run,1,10,-2,11,4,1,36,Lions
Kneel,2,2,-2,3,4,0,53,Lions
Kneel,3,3,-2,4,4,0,12,Lions
Field Goal,4,4,-2,5,4,0,2,Lions
Run,1,10,-3,75,1,12,21,Raiders
Run,2,3,-3,68,1,11,36,Raiders
Run,1,10,-3,53,1,11,5,Raiders
Pass,2,7,-3,50,1,10,23,Raiders
Pass,3,7,-3,50,1,10,20,Raiders
Pass,1,10,-3,21,1,9,47,Raiders
Pass,1,10,4,90,1,8,9,Raiders
Run,2,3,4,83,1,7,54,Raiders
Pass,1,10,4,80,1,7,6,Raiders
Run,1,10,4,58,1,6,37,Raiders
Pass,2,10,4,58,1,6,1,Raiders
Pass,3,10,4,58,1,5,55,Raiders
Punt,4,18,4,66,1,5,8,Raiders
Run,1,10,-3,82,2,11,29,Raiders
Pass,2,6,-3,78,2,10,42,Raiders
Run,1,10,-3,57,2,10,5,Raiders
Pass,2,7,-3,54,2,9,26,Raiders
Pass,2,17,-3,64,2,8,55,Raiders
Pass,3,8,-3,55,2,8,4,Raiders
Run,1,10,-3,40,2,7,20,Raiders
Run,2,5,-3,35,2,6,38,Raiders
Run,3,1,-3,31,2,5,55,Raiders
Pass,1,10,-3,29,2,5,12,Raiders
Pass,2,6,-3,25,2,4,14,Raiders
Pass,1,3,-3,3,2,4,8,Raiders
Pass,2,2,-3,2,2,3,30,Raiders
Pass,1,10,4,80,2,1,49,Raiders
Pass,2,3,4,73,2,1,17,Raiders
Pass,3,3,4,73,2,1,9,Raiders
Pass,1,10,4,58,2,1,1,Raiders
Pass,2,10,4,58,2,0,56,Raiders
Pass,3,5,4,53,2,0,31,Raiders
Pass,1,10,4,44,2,0,24,Raiders
Pass,2,3,4,37,2,0,20,Raiders
Pass,1,10,11,78,3,14,54,Raiders
Pass,1,10,11,19,3,14,6,Raiders
Pass,2,6,11,15,3,13,23,Raiders
Pass,1,7,11,7,3,12,38,Raiders
Pass,2,3,11,3,3,12,9,Raiders
Pass,1,10,11,85,3,6,36,Raiders
Run,1,10,11,60,3,5,49,Raiders
Pass,2,8,11,58,3,5,8,Raiders
Pass,3,8,11,58,3,5,6,Raiders
Pass,1,10,11,41,3,4,30,Raiders
Run,2,2,11,33,3,3,42,Raiders
Pass,1,10,11,29,3,2,58,Raiders
Pass,1,3,11,3,3,2,12,Raiders
Run,1,10,18,99,4,11,11,Raiders
Run,2,7,18,96,4,10,28,Raiders
Pass,3,5,18,94,4,9,42,Raiders
Punt,4,5,18,94,4,9,39,Raiders
Run,1,10,18,80,4,8,9,Raiders
Run,2,11,18,81,4,7,25,Raiders
Pass,3,4,18,74,4,6,39,Raiders
Run,1,10,25,87,4,4,36,Raiders
Run,2,10,25,87,4,3,52,Raiders
Run,3,8,25,85,4,3,7,Raiders
Punt,4,8,25,85,4,2,24,Raiders
Kneel,1,10,18,78,4,1,29,Raiders
Kneel,2,10,18,78,4,0,48,Raiders
Kneel,3,12,18,80,4,0,27,Raiders
Run,1,10,0,74,1,14,55,Chiefs
Pass,2,5,0,69,1,14,18,Chiefs
Pass,3,3,0,67,1,13,38,Chiefs
Run,1,10,0,63,1,12,56,Chiefs
Pass,2,7,0,60,1,12,15,Chiefs
Run,1,15,0,51,1,11,15,Chiefs
Pass,2,14,0,50,1,10,39,Chiefs
Pass,2,9,0,45,1,10,30,Chiefs
Pass,3,9,0,45,1,10,24,Chiefs
Pass,1,10,0,11,1,9,39,Chiefs
Pass,1,20,0,21,1,9,34,Chiefs
Pass,2,3,0,4,1,8,49,Chiefs
Pass,1,10,7,82,1,7,8,Chiefs
Pass,2,10,7,82,1,7,2,Chiefs
Pass,3,6,7,78,1,6,23,Chiefs
Punt,4,23,7,95,1,5,26,Chiefs
Run,1,10,7,60,1,4,11,Chiefs
Pass,2,10,7,60,1,3,26,Chiefs
Pass,1,10,7,10,1,3,0,Chiefs
Run,2,1,7,1,1,2,14,Chiefs
Run,1,10,7,79,2,10,51,Chiefs
Pass,2,2,7,71,2,10,11,Chiefs
Run,1,10,7,56,2,9,43,Chiefs
Pass,2,8,7,54,2,9,1,Chiefs
Pass,3,17,7,63,2,8,17,Chiefs
Punt,4,17,7,63,2,8,12,Chiefs
Pass,1,10,0,75,2,6,14,Chiefs
Pass,2,10,0,75,2,6,7,Chiefs
Pass,3,3,0,68,2,5,26,Chiefs
Pass,1,10,0,61,2,4,58,Chiefs
Run,2,10,0,61,2,4,55,Chiefs
Pass,3,3,0,54,2,4,11,Chiefs
Punt,4,3,0,54,2,4,6,Chiefs
Pass,1,10,-3,75,2,0,56,Chiefs
Pass,2,10,-3,75,2,0,51,Chiefs
Pass,3,3,-3,68,2,0,19,Chiefs
Run,1,10,-3,64,2,0,15,Chiefs
Pass,2,2,-3,56,2,0,3,Chiefs
Pass,1,10,-3,89,3,10,4,Chiefs
Pass,2,8,-3,87,3,9,20,Chiefs
Pass,1,10,-3,73,3,8,36,Chiefs
Run,1,10,-3,62,3,8,16,Chiefs
Pass,2,10,-3,62,3,7,31,Chiefs
Pass,3,10,-3,62,3,7,25,Chiefs
Run,1,10,-3,51,3,6,38,Chiefs
Run,1,10,-3,37,3,6,3,Chiefs
Pass,2,5,-3,32,3,5,18,Chiefs
Pass,1,10,-3,25,3,4,41,Chiefs
Pass,2,2,-3,17,3,3,57,Chiefs
Run,1,11,-3,11,3,2,55,Chiefs
Pass,2,7,-3,7,3,2,19,Chiefs
Pass,3,7,-3,7,3,2,15,Chiefs
Field Goal,4,17,-3,17,3,1,35,Chiefs
Pass,1,10,0,27,3,1,19,Chiefs
Run,2,10,0,27,3,0,32,Chiefs
Pass,1,10,0,12,4,15,0,Chiefs
Run,2,10,0,12,4,14,55,Chiefs
Pass,3,1,0,3,4,14,5,Chiefs
Run,1,10,0,75,4,8,55,Chiefs
Pass,2,2,0,67,4,8,14,Chiefs
Run,1,10,7,98,4,5,4,Chiefs
Run,2,4,7,92,4,4,25,Chiefs
Run,3,2,7,90,4,3,40,Chiefs
Run,1,10,7,86,4,2,57,Chiefs
Run,2,1,7,77,4,2,52,Chiefs
Run,1,10,7,72,4,2,46,Chiefs
Run,2,8,7,70,4,2,41,Chiefs
Pass,3,5,7,67,4,2,0,Chiefs
Kneel,1,10,7,59,4,1,56,Chiefs
Kneel,2,11,7,60,4,1,16,Chiefs
Kneel,3,12,7,61,4,0,36,Chiefs
Pass,1,10,-3,75,1,6,50,Chargers
Pass,2,16,-3,81,1,5,50,Chargers
Pass,3,8,-3,73,1,5,9,Chargers
Punt,4,17,-3,82,1,4,28,Chargers
Run,1,10,-6,70,1,0,58,Chargers
Pass,2,7,-6,67,1,0,19,Chargers
Pass,3,6,-6,66,2,15,0,Chargers
Run,1,10,-6,58,2,14,28,Chargers
Pass,2,10,-6,58,2,13,33,Chargers
Pass,3,10,-6,58,2,13,28,Chargers
Punt,4,17,-6,65,2,12,47,Chargers
Run,1,10,-6,82,2,9,47,Chargers
Run,2,5,-6,77,2,9,12,Chargers
Pass,2,15,-6,87,2,8,11,Chargers
Pass,3,14,-6,86,2,7,24,Chargers
Run,1,10,-6,58,2,6,32,Chargers
Run,2,3,-6,51,2,5,53,Chargers
Pass,1,10,-6,48,2,5,23,Chargers
Run,2,10,-6,48,2,5,19,Chargers
Pass,3,7,-6,45,2,4,36,Chargers
Punt,4,7,-6,45,2,4,29,Chargers
Run,1,10,-9,77,3,14,55,Chargers
Pass,2,13,-9,80,3,14,18,Chargers
Pass,3,8,-9,75,3,13,35,Chargers
Punt,4,8,-9,75,3,13,28,Chargers
Pass,1,10,-12,89,3,9,35,Chargers
Pass,2,2,-12,81,3,8,52,Chargers
Pass,1,10,-12,75,3,8,16,Chargers
Pass,2,10,-12,75,3,8,12,Chargers
Pass,3,16,-12,81,3,7,28,Chargers
Punt,4,16,-12,81,3,7,23,Chargers
Run,1,10,-19,60,3,3,48,Chargers
Pass,2,5,-19,55,3,3,27,Chargers
Run,1,10,-19,46,3,2,52,Chargers
Pass,2,3,-19,39,3,2,17,Chargers
Pass,1,10,-19,33,3,1,39,Chargers
Pass,2,10,-19,33,3,1,36,Chargers
Pass,3,13,-19,36,3,0,56,Chargers
Field Goal,4,13,-19,36,3,0,50,Chargers
Pass,1,10,-23,75,4,10,32,Chargers
Pass,2,6,-23,71,4,10,11,Chargers
Pass,1,10,-23,63,4,9,46,Chargers
Pass,1,10,-23,49,4,9,14,Chargers
Pass,2,7,-23,46,4,8,36,Chargers
Pass,1,10,-23,39,4,8,20,Chargers
Pass,1,10,-23,22,4,7,53,Chargers
Pass,2,5,-23,17,4,7,5,Chargers
Pass,1,10,-23,10,4,6,27,Chargers
Pass,1,10,-15,66,4,2,10,Chargers
Pass,2,3,-15,59,4,2,2,Chargers
Pass,3,3,-15,59,4,1,59,Chargers
Pass,1,10,-15,46,4,1,36,Chargers
Pass,2,10,-15,46,4,1,31,Chargers
Pass,3,10,-15,46,4,1,23,Chargers
Pass,4,5,-15,41,4,1,16,Chargers
Run,1,10,0,90,1,11,44,Panthers
Pass,2,6,0,86,1,10,47,Panthers
Pass,3,3,0,83,1,10,5,Panthers
Punt,4,3,0,83,1,9,59,Panthers
Pass,1,10,-7,75,1,7,18,Panthers
Run,1,10,-7,55,1,7,13,Panthers
Pass,2,6,-7,51,1,6,29,Panthers
Run,1,10,-7,40,1,5,57,Panthers
Pass,2,9,-7,39,1,5,17,Panthers
Pass,3,9,-7,39,1,5,11,Panthers
Pass,1,10,-7,20,1,4,22,Panthers
Pass,1,5,-7,5,1,3,39,Panthers
Pass,1,10,-3,75,2,14,55,Panthers
Run,2,10,-3,75,2,14,49,Panthers
Pass,3,2,-3,67,2,14,4,Panthers
Pass,3,12,-3,77,2,13,34,Panthers
Punt,4,12,-3,77,2,13,28,Panthers
Run,1,10,-3,52,2,12,40,Panthers
Pass,2,5,-3,47,2,12,5,Panthers
Pass,1,10,-3,10,2,11,20,Panthers
Run,2,8,-3,8,2,10,35,Panthers
Run,1,1,-3,1,2,10,11,Panthers
Run,2,1,-3,1,2,9,29,Panthers
Run,1,10,4,90,2,5,7,Panthers
Pass,2,13,4,93,2,4,23,Panthers
Pass,3,13,4,93,2,4,21,Panthers
Run,1,10,4,78,2,4,17,Panthers
Pass,2,5,4,73,2,3,39,Panthers
Pass,3,6,4,74,2,2,53,Panthers
Run,1,10,4,26,2,2,1,Panthers
Run,2,2,4,18,2,1,55,Panthers
Run,3,1,4,17,2,1,10,Panthers
Pass,1,10,4,15,2,0,39,Panthers
Run,2,1,4,6,2,0,34,Panthers
Pass,1,7,4,7,2,0,19,Panthers
Pass,2,7,4,7,2,0,15,Panthers
Pass,3,7,4,7,2,0,8,Panthers
Run,1,1,4,1,2,0,2,Panthers
Pass,1,10,4,75,3,15,0,Panthers
Pass,2,17,4,82,3,14,15,Panthers
Pass,2,26,4,91,3,13,48,Panthers
Run,1,10,4,53,3,13,25,Panthers
Pass,1,10,4,25,3,12,38,Panthers
Pass,1,10,4,13,3,11,54,Panthers
Pass,1,10,11,80,3,7,10,Panthers
Run,2,10,11,80,3,7,3,Panthers
Pass,1,10,11,65,3,6,22,Panthers
Run,2,4,11,59,3,5,57,Panthers
Run,1,10,11,49,3,5,12,Panthers
Run,1,10,11,33,3,4,25,Panthers
Pass,2,10,11,33,3,3,44,Panthers
Run,1,10,11,23,3,3,4,Panthers
Pass,2,10,11,23,3,2,26,Panthers
Pass,3,10,11,23,3,2,21,Panthers
Pass,3,20,11,33,3,2,15,Panthers
Field Goal,4,21,11,34,3,1,31,Panthers
Field Goal,4,16,11,29,3,1,26,Panthers
Run,1,10,8,75,4,11,58,Panthers
Run,2,1,8,66,4,11,15,Panthers
Pass,1,10,8,53,4,10,24,Panthers
Pass,2,10,8,53,4,10,20,Panthers
Pass,3,6,8,49,4,9,34,Panthers
Punt,4,6,8,49,4,9,24,Panthers
Pass,1,10,8,58,4,6,31,Panthers
Run,2,5,8,53,4,5,49,Panthers
Pass,3,1,8,49,4,5,3,Panthers
Run,1,10,8,45,4,4,17,Panthers
Pass,2,14,8,49,4,3,28,Panthers
Pass,3,14,8,49,4,3,23,Panthers
Punt,4,8,8,43,4,2,32,Panthers
Run,1,10,0,75,1,15,0,49ers
Pass,2,5,0,70,1,14,26,49ers
Pass,1,10,0,75,1,14,4,49ers
Run,2,10,0,75,1,14,0,49ers
Pass,3,10,0,75,1,13,17,49ers
Pass,1,10,-7,75,1,13,2,49ers
Run,2,3,-7,68,1,12,27,49ers
Pass,3,4,-7,69,1,11,43,49ers
Punt,4,4,-7,69,1,11,39,49ers
Run,1,10,-7,88,1,8,34,49ers
Pass,2,13,-7,91,1,7,49,49ers
Pass,3,9,-7,87,1,7,8,49ers
Punt,4,9,-7,87,1,7,5,49ers
Pass,1,10,-10,75,1,3,13,49ers
Run,2,6,-10,71,1,2,38,49ers
Pass,2,16,-10,81,1,2,10,49ers
Pass,3,13,-10,78,1,1,31,49ers
Punt,4,13,-10,78,1,1,25,49ers
Run,1,10,-10,80,2,14,53,49ers
Pass,1,10,-10,69,2,14,19,49ers
Pass,2,3,-10,62,2,13,46,49ers
Run,1,10,-10,58,2,13,7,49ers
Pass,1,10,-10,37,2,12,42,49ers
Pass,2,8,-10,35,2,12,3,49ers
Pass,3,8,-10,35,2,11,56,49ers
Run,4,1,-10,28,2,11,12,49ers
Pass,1,10,-10,66,2,9,9,49ers
Pass,1,20,-10,76,2,9,1,49ers
Pass,2,25,-10,81,2,8,17,49ers
Run,3,35,-10,91,2,7,31,49ers
Pass,1,10,-10,68,2,7,13,49ers
Run,2,10,-10,68,2,7,8,49ers
Pass,3,8,-10,66,2,6,29,49ers
Punt,4,8,-10,66,2,6,21,49ers
Run,1,10,-13,75,2,2,49,49ers
Pass,2,6,-13,71,2,2,11,49ers
Pass,3,6,-13,71,2,2,6,49ers
Punt,4,6,-13,71,2,2,2,49ers
Pass,1,10,-20,74,2,0,51,49ers
Pass,2,8,-20,72,2,0,43,49ers
Pass,3,8,-20,72,2,0,40,49ers
Punt,4,17,-20,81,2,0,33,49ers
Run,1,10,-23,65,3,12,26,49ers
Pass,2,6,-23,61,3,11,48,49ers
Run,1,10,-23,54,3,11,1,49ers
Pass,2,6,-23,50,3,10,19,49ers
Pass,3,8,-23,52,3,9,43,49ers
Pass,4,4,-23,48,3,9,1,49ers
Run,1,10,-23,33,3,8,26,49ers
Pass,2,8,-23,31,3,7,48,49ers
Pass,1,10,-23,22,3,7,0,49ers
Run,1,10,-23,11,3,6,33,49ers
Pass,2,8,-23,9,3,5,48,49ers
Pass,3,8,-23,9,3,5,10,49ers
Pass,3,8,-23,9,3,5,1,49ers
Run,1,2,-23,2,3,4,34,49ers
Pass,2,2,-23,2,3,3,55,49ers
Pass,1,10,-22,75,3,2,55,49ers
Run,2,7,-22,72,3,2,19,49ers
Pass,1,10,-22,64,3,1,39,49ers
Run,2,7,-22,61,3,1,2,49ers
Pass,3,6,-22,60,3,0,23,49ers
Pass,1,5,-22,50,4,15,0,49ers
Pass,1,10,-22,36,4,14,22,49ers
Pass,2,10,-22,36,4,14,20,49ers
Pass,3,10,-22,36,4,14,14,49ers
Pass,4,10,-22,36,4,14,7,49ers
Run,1,10,-22,29,4,14,3,49ers
Run,2,8,-22,27,4,13,24,49ers
Pass,2,18,-22,37,4,12,59,49ers
Pass,3,15,-22,34,4,12,20,49ers
Pass,4,8,-22,27,4,11,35,49ers
Pass,1,10,-29,75,4,4,58,49ers
Pass,2,5,-29,70,4,4,21,49ers
Run,1,10,-29,63,4,3,48,49ers
Run,2,1,-29,54,4,3,14,49ers
Run,1,10,-29,46,4,3,8,49ers
Run,2,10,-29,46,4,2,34,49ers
Pass,3,7,-29,43,4,2,0,49ers
Pass,4,4,-29,40,4,1,24,49ers
Pass,1,10,-29,29,4,1,20,49ers
Run,2,10,-29,29,4,1,17,49ers
Run,3,9,-29,28,4,1,4,49ers
Run,1,10,-29,16,4,0,32,49ers
Pass,1,10,0,72,1,12,37,Giants
Pass,2,3,0,65,1,12,3,Giants
Run,1,10,0,22,1,11,17,Giants
Pass,2,6,0,18,1,10,33,Giants
Pass,3,8,0,20,1,9,56,Giants
Run,1,10,0,10,1,9,31,Giants
Pass,2,8,0,8,1,8,49,Giants
Run,1,10,0,66,1,3,8,Giants
Pass,2,5,0,61,1,2,44,Giants
Run,3,5,0,61,1,2,37,Giants
Run,1,10,0,46,1,2,0,Giants
Pass,2,1,0,37,1,1,23,Giants
Run,1,10,7,53,2,14,38,Giants
Run,2,4,7,47,2,14,10,Giants
Pass,3,4,7,47,2,13,27,Giants
Run,1,10,7,31,2,12,45,Giants
Pass,2,8,7,29,2,12,19,Giants
Pass,3,8,7,29,2,12,13,Giants
Field Goal,4,8,7,29,2,12,7,Giants
Run,1,10,7,76,2,2,26,Giants
Pass,2,6,7,72,2,2,0,Giants
Pass,3,2,7,68,2,1,19,Giants
Pass,1,10,7,63,2,1,14,Giants
Pass,1,20,7,73,2,1,5,Giants
Pass,2,14,7,67,2,0,57,Giants
Run,3,14,7,67,2,0,54,Giants
Punt,4,5,7,58,2,0,48,Giants
Run,1,10,7,73,3,14,55,Giants
Pass,2,13,7,76,3,14,17,Giants
Pass,3,13,7,76,3,14,11,Giants
Run,1,10,7,53,3,13,22,Giants
Pass,2,13,7,56,3,12,38,Giants
Pass,3,13,7,56,3,12,33,Giants
Punt,4,13,7,56,3,12,2,Giants
Pass,1,10,4,75,3,6,37,Giants
Run,1,10,4,50,3,6,6,Giants
Pass,2,6,4,46,3,5,26,Giants
Pass,3,6,4,46,3,5,20,Giants
Pass,1,10,4,35,3,5,16,Giants
Run,2,10,4,35,3,5,12,Giants
Pass,3,10,4,35,3,4,27,Giants
Pass,4,10,4,35,3,4,24,Giants
Run,1,10,4,20,3,3,40,Giants
Run,2,5,4,15,3,2,51,Giants
Pass,3,2,4,12,3,2,9,Giants
Pass,1,6,4,6,3,1,24,Giants
Pass,2,1,4,1,3,0,39,Giants
Run,1,1,4,1,3,0,34,Giants
Run,2,4,4,4,4,15,0,Giants
Pass,2,14,4,14,4,14,55,Giants
Pass,3,17,4,17,4,14,29,Giants
Pass,1,15,11,43,4,11,0,Giants
Pass,2,15,11,43,4,10,56,Giants
Pass,3,5,11,33,4,10,13,Giants
Pass,1,10,11,28,4,9,32,Giants
Pass,1,10,11,18,4,8,46,Giants
Run,2,10,11,18,4,8,42,Giants
Pass,3,9,11,17,4,8,1,Giants
Run,1,2,11,2,4,7,57,Giants
Pass,2,1,11,1,4,7,11,Giants
Run,1,10,18,66,4,6,15,Giants
Run,2,4,18,60,4,5,31,Giants
Run,1,10,18,55,4,4,46,Giants
Run,2,7,18,52,4,4,39,Giants
Pass,3,7,18,52,4,4,32,Giants
Punt,4,7,18,52,4,4,29,Giants
Run,1,10,18,83,4,2,0,Giants
Kneel,2,7,18,80,4,1,16,Giants
Kneel,3,10,18,83,4,0,36,Giants
Pass,1,10,0,50,1,12,50,Redskins
Pass,1,10,0,30,1,12,9,Redskins
Run,2,7,0,27,1,11,45,Redskins
Pass,3,6,0,26,1,10,49,Redskins
Pass,1,10,0,13,1,10,1,Redskins
Pass,2,10,0,13,1,9,53,Redskins
Run,3,1,0,4,1,9,10,Redskins
Run,1,10,7,48,1,7,28,Redskins
Run,2,10,7,48,1,6,53,Redskins
Pass,3,4,7,42,1,6,13,Redskins
Punt,4,11,7,49,1,5,25,Redskins
Pass,1,10,7,57,1,3,40,Redskins
Run,1,10,7,32,1,2,53,Redskins
Run,2,6,7,28,1,2,7,Redskins
Run,1,10,7,12,1,1,22,Redskins
Pass,2,10,7,12,1,0,39,Redskins
Run,1,10,14,88,2,11,22,Redskins
Pass,1,10,14,46,2,10,34,Redskins
Run,2,10,14,46,2,10,27,Redskins
Pass,3,9,14,45,2,9,42,Redskins
Punt,4,9,14,45,2,9,37,Redskins
Pass,1,10,8,75,2,3,44,Redskins
Pass,2,8,8,73,2,3,1,Redskins
Pass,3,8,8,73,2,2,57,Redskins
Pass,1,10,8,56,2,2,14,Redskins
Pass,1,15,8,46,2,2,0,Redskins
Pass,2,17,8,48,2,1,16,Redskins
Pass,3,5,8,36,2,1,10,Redskins
Pass,4,5,8,36,2,1,5,Redskins
Pass,1,10,8,27,2,0,58,Redskins
Kneel,1,10,8,73,2,0,1,Redskins
Pass,1,10,8,75,3,15,0,Redskins
Run,1,10,8,60,3,14,29,Redskins
Run,1,10,8,37,3,13,40,Redskins
Pass,2,5,8,32,3,13,1,Redskins
Pass,3,1,8,28,3,12,35,Redskins
Run,4,1,8,28,3,12,30,Redskins
Run,1,10,8,21,3,11,50,Redskins
Run,2,10,8,21,3,11,5,Redskins
Pass,3,4,8,15,3,10,19,Redskins
Field Goal,4,4,8,15,3,10,11,Redskins
Pass,1,10,11,49,3,7,58,Redskins
Pass,2,10,11,49,3,7,50,Redskins
Pass,3,5,11,44,3,7,2,Redskins
Punt,4,5,11,44,3,6,52,Redskins
Run,1,10,8,75,3,0,11,Redskins
Run,1,10,8,65,4,15,0,Redskins
Pass,2,15,8,70,4,14,22,Redskins
Pass,3,9,8,64,4,13,36,Redskins
Punt,4,9,8,64,4,13,30,Redskins
Pass,1,10,8,89,4,9,58,Redskins
Pass,2,16,8,95,4,9,14,Redskins
Pass,3,14,8,93,4,8,28,Redskins
Run,1,10,8,68,4,7,26,Redskins
Run,2,8,8,66,4,6,44,Redskins
Run,3,3,8,61,4,5,59,Redskins
Pass,1,10,8,56,4,5,14,Redskins
Pass,2,6,8,52,4,4,39,Redskins
Pass,1,10,8,41,4,4,21,Redskins
Run,2,5,8,36,4,3,44,Redskins
Run,1,10,8,24,4,3,34,Redskins
Run,2,5,8,19,4,3,27,Redskins
Run,3,2,8,16,4,2,43,Redskins
Field Goal,4,1,8,15,4,2,38,Redskins
Kneel,1,10,5,47,4,1,16,Redskins
Kneel,2,11,5,48,4,0,38,Redskins
Pass,1,10,0,70,1,11,25,Bears
Run,2,10,0,70,1,11,18,Bears
Pass,3,6,0,66,1,10,33,Bears
Pass,1,10,0,59,1,9,58,Bears
Run,2,10,0,59,1,9,53,Bears
Pass,3,5,0,54,1,9,15,Bears
Punt,4,5,0,54,1,9,9,Bears
Run,1,10,0,35,1,6,55,Bears
Run,2,9,0,34,1,6,29,Bears
Pass,3,8,0,33,1,5,41,Bears
Pass,4,4,0,29,1,4,53,Bears
Pass,1,10,7,75,1,2,58,Bears
Run,2,2,7,67,1,2,25,Bears
Run,3,1,7,66,1,1,39,Bears
Pass,1,10,7,60,1,1,10,Bears
Pass,1,10,7,49,1,0,37,Bears
Pass,2,4,7,43,2,15,0,Bears
Pass,3,4,7,43,2,14,55,Bears
Punt,4,4,7,43,2,14,48,Bears
Run,1,10,7,59,2,7,30,Bears
Pass,2,8,7,57,2,7,3,Bears
Run,1,10,7,40,2,6,25,Bears
Pass,2,7,7,37,2,5,53,Bears
Pass,3,6,7,36,2,5,13,Bears
Pass,4,6,7,36,2,5,9,Bears
Pass,1,10,4,54,2,1,36,Bears
Pass,2,3,4,47,2,1,15,Bears
Pass,3,3,4,47,2,1,12,Bears
Run,1,10,4,37,2,1,6,Bears
Pass,2,4,4,31,2,0,44,Bears
Pass,3,4,4,31,2,0,16,Bears
Pass,4,14,4,41,2,0,9,Bears
Run,1,10,4,73,3,14,55,Bears
Pass,2,9,4,72,3,14,18,Bears
Pass,1,10,4,38,3,13,45,Bears
Run,2,10,4,38,3,13,39,Bears
Run,1,10,4,21,3,12,52,Bears
Pass,1,10,11,66,3,9,45,Bears
Pass,2,10,11,66,3,9,41,Bears
Pass,3,4,11,60,3,8,58,Bears
Pass,1,10,11,11,3,8,26,Bears
Run,2,1,11,2,3,7,52,Bears
Pass,1,10,18,75,3,6,49,Bears
Run,2,5,18,70,3,6,9,Bears
Run,3,3,18,68,3,5,23,Bears
Run,1,10,18,65,3,4,39,Bears
Pass,2,7,18,62,3,3,52,Bears
Pass,3,7,18,62,3,3,49,Bears
Punt,4,7,18,62,3,3,43,Bears
Run,1,10,15,75,4,14,56,Bears
Run,2,7,15,72,4,14,9,Bears
Pass,3,5,15,70,4,13,25,Bears
Punt,4,5,15,70,4,13,20,Bears
Pass,1,10,8,75,4,8,9,Bears
Run,2,10,8,75,4,8,4,Bears
Pass,2,20,8,85,4,7,38,Bears
Run,3,20,8,85,4,7,34,Bears
Punt,4,13,8,78,4,7,18,Bears
Run,1,10,8,33,4,6,32,Bears
Run,2,8,8,31,4,5,48,Bears
Pass,3,4,8,27,4,5,4,Bears
Punt,4,15,8,38,4,4,19,Bears
Run,1,10,8,51,4,1,42,Bears
Run,2,7,8,48,4,1,36,Bears
Run,3,5,8,46,4,1,31,Bears
Punt,4,11,8,52,4,0,44,Bears
Pass,1,10,0,75,1,15,0,Vikings
Run,2,10,0,75,1,14,56,Vikings
Pass,3,5,0,70,1,14,13,Vikings
Pass,1,10,-3,75,1,13,11,Vikings
Run,2,4,-3,69,1,12,37,Vikings
Pass,3,2,-3,67,1,11,59,Vikings
Pass,1,10,-3,61,1,11,19,Vikings
Pass,2,11,-3,62,1,10,53,Vikings
Pass,1,10,-3,44,1,10,8,Vikings
Run,2,7,-3,41,1,9,30,Vikings
Pass,3,8,-3,42,1,8,49,Vikings
Punt,4,8,-3,42,1,8,44,Vikings
Run,1,10,-3,73,1,6,4,Vikings
Pass,2,5,-3,68,1,5,36,Vikings
Run,1,10,-3,53,1,4,53,Vikings
Run,2,2,-3,45,1,4,17,Vikings
Pass,1,10,-3,42,1,3,32,Vikings
Run,1,10,-3,31,1,2,53,Vikings
Pass,2,3,-3,24,1,2,15,Vikings
Pass,3,3,-3,24,1,2,9,Vikings
Field Goal,4,3,-3,24,1,2,5,Vikings
Pass,1,10,0,64,1,0,27,Vikings
Pass,1,20,0,74,1,0,21,Vikings
Pass,2,18,0,72,2,15,0,Vikings
Run,1,10,-7,75,2,13,33,Vikings
Run,2,7,-7,72,2,12,57,Vikings
Run,1,10,-7,65,2,12,7,Vikings
Pass,2,1,-7,56,2,11,22,Vikings
Pass,3,1,-7,56,2,11,16,Vikings
Run,1,10,-7,45,2,10,42,Vikings
Run,2,5,-7,40,2,10,2,Vikings
Pass,1,10,-7,33,2,9,26,Vikings
Run,2,2,-7,25,2,8,42,Vikings
Pass,1,10,-7,20,2,8,3,Vikings
Pass,2,5,-7,15,2,7,19,Vikings
Pass,3,5,-7,15,2,7,11,Vikings
Field Goal,4,5,-7,15,2,7,4,Vikings
Run,1,10,-4,65,2,4,52,Vikings
Pass,2,9,-4,64,2,4,18,Vikings
Pass,1,10,-4,58,2,2,37,Vikings
Pass,2,9,-4,57,2,2,0,Vikings
Pass,3,9,-4,57,2,1,56,Vikings
Punt,4,9,-4,57,2,1,51,Vikings
Pass,1,10,-4,55,2,0,55,Vikings
Pass,2,10,-4,55,2,0,52,Vikings
Pass,1,10,-4,39,2,0,43,Vikings
Pass,1,10,-4,28,2,0,21,Vikings
Pass,1,10,-4,15,2,0,16,Vikings
Pass,2,4,-4,9,2,0,12,Vikings
Pass,1,1,-4,1,2,0,7,Vikings
Field Goal,2,1,-4,1,2,0,3,Vikings
Run,1,10,-1,88,3,13,36,Vikings
Pass,2,6,-1,84,3,12,53,Vikings
Pass,3,6,-1,84,3,12,47,Vikings
Run,1,10,-1,74,3,12,9,Vikings
Run,1,10,-1,59,3,11,29,Vikings
Pass,2,11,-1,60,3,10,45,Vikings
Pass,3,18,-1,67,3,9,57,Vikings
Punt,4,18,-1,67,3,9,52,Vikings
Run,1,10,-1,53,3,7,12,Vikings
Run,2,2,-1,45,3,6,27,Vikings
Pass,1,10,-1,41,3,5,48,Vikings
Run,2,4,-1,35,3,5,2,Vikings
Pass,3,2,-1,33,3,4,17,Vikings
Run,1,10,-1,27,3,3,34,Vikings
Pass,2,1,-1,18,3,2,53,Vikings
Run,1,10,-1,12,3,2,9,Vikings
Pass,1,10,7,91,4,14,8,Vikings
Run,2,4,7,85,4,13,24,Vikings
Pass,3,4,7,85,4,12,39,Vikings
Pass,1,10,7,77,4,11,54,Vikings
Run,2,10,7,77,4,11,17,Vikings
Pass,3,7,7,74,4,10,28,Vikings
Punt,4,16,7,83,4,9,44,Vikings
Run,1,10,7,75,4,7,40,Vikings
Pass,2,9,7,74,4,6,54,Vikings
Run,1,10,7,56,4,6,1,Vikings
Run,1,10,13,78,4,3,34,Vikings
Run,2,6,13,74,4,3,29,Vikings
Run,3,6,13,74,4,3,26,Vikings
Punt,4,2,13,70,4,2,42,Vikings
Kneel,1,10,13,23,4,1,50,Vikings
Kneel,2,11,13,24,4,1,11,Vikings
Kneel,3,12,13,25,4,0,37,Vikings
Pass,1,10,0,80,1,13,16,Lions
Run,2,10,0,80,1,13,11,Lions
Pass,3,8,0,78,1,12,27,Lions
Punt,4,8,0,78,1,12,21,Lions
Pass,1,10,-7,57,1,7,53,Lions
Pass,2,10,-7,57,1,7,49,Lions
Pass,3,10,-7,57,1,7,41,Lions
Run,1,10,-7,40,1,7,8,Lions
Run,2,8,-7,38,1,6,22,Lions
Run,3,1,-7,31,1,5,35,Lions
Run,4,1,-7,31,1,4,51,Lions
Pass,1,10,-7,29,1,4,9,Lions
Run,2,10,-7,29,1,4,4,Lions
Pass,3,6,-7,25,1,3,22,Lions
Pass,3,21,-7,40,1,2,41,Lions
Punt,4,21,-7,40,1,2,36,Lions
Run,1,10,-7,63,1,1,5,Lions
Run,2,8,-7,61,1,0,23,Lions
Pass,3,4,-7,57,2,15,0,Lions
Run,1,10,-7,45,2,14,25,Lions
Pass,2,8,-7,43,2,13,44,Lions
Pass,3,8,-7,43,2,13,40,Lions
Punt,4,19,-7,54,2,12,55,Lions
Run,1,10,-7,66,2,10,36,Lions
Run,1,10,-7,52,2,10,1,Lions
Pass,2,7,-7,49,2,9,25,Lions
Pass,3,7,-7,49,2,9,19,Lions
Punt,4,7,-7,49,2,9,13,Lions
Pass,1,10,-14,90,2,3,8,Lions
Pass,2,10,-14,90,2,3,1,Lions
Pass,3,6,-14,86,2,2,50,Lions
Run,1,10,-14,68,2,2,27,Lions
Pass,2,5,-14,63,2,2,0,Lions
Run,1,10,-14,30,2,1,55,Lions
Pass,1,10,-14,20,2,1,12,Lions
Pass,2,4,-14,14,2,0,34,Lions
Pass,3,4,-14,14,2,0,30,Lions
Field Goal,4,4,-14,14,2,0,24,Lions
Run,1,10,-14,71,3,14,56,Lions
Pass,2,9,-14,70,3,14,24,Lions
Pass,3,9,-14,70,3,14,17,Lions
Run,1,10,-14,50,3,13,46,Lions
Run,2,5,-14,45,3,13,2,Lions
Pass,1,15,-14,41,3,12,2,Lions
Pass,2,15,-14,41,3,11,53,Lions
Pass,3,7,-14,33,3,11,15,Lions
Field Goal,4,7,-14,33,3,11,9,Lions
Pass,1,10,-14,95,3,9,0,Lions
Run,1,10,-14,85,3,8,36,Lions
Pass,2,5,-14,80,3,8,3,Lions
Run,1,10,-14,68,3,7,21,Lions
Pass,2,5,-14,63,3,6,42,Lions
Pass,1,10,-14,45,3,6,5,Lions
Pass,2,3,-14,38,3,5,32,Lions
Pass,1,10,-14,31,3,4,54,Lions
Pass,2,4,-14,25,3,4,12,Lions
Pass,1,10,-14,20,3,3,25,Lions
Pass,2,10,-14,20,3,3,21,Lions
Pass,3,10,-14,20,3,3,16,Lions
Run,1,10,-7,73,3,1,39,Lions
Pass,2,6,-7,69,3,0,53,Lions
Pass,1,10,-7,62,3,0,19,Lions
Pass,2,6,-7,58,4,15,0,Lions
Pass,3,6,-7,58,4,14,54,Lions
Run,1,10,-7,48,4,14,15,Lions
Pass,1,10,-7,37,4,13,40,Lions
Run,2,1,-7,28,4,13,5,Lions
Pass,1,10,-7,22,4,12,24,Lions
Pass,2,10,-7,22,4,12,21,Lions
Pass,3,10,-7,22,4,12,16,Lions
Field Goal,4,10,-7,22,4,12,11,Lions
Pass,1,10,-7,77,4,11,2,Lions
Pass,2,10,-7,77,4,10,56,Lions
Pass,3,10,-7,77,4,10,50,Lions
Punt,4,10,-7,77,4,10,46,Lions
Run,1,10,-7,40,4,7,52,Lions
Run,2,7,-7,37,4,7,18,Lions
Run,3,1,-7,31,4,6,40,Lions
Pass,4,1,-7,31,4,5,57,Lions
Pass,1,10,-7,28,4,5,33,Lions
Pass,2,10,-7,28,4,5,28,Lions
Pass,3,10,-7,28,4,5,24,Lions
Run,1,10,0,74,4,3,34,Lions
Run,2,10,0,74,4,2,48,Lions
Pass,3,9,0,73,4,2,44,Lions
Pass,1,10,0,60,4,2,8,Lions
Pass,2,10,0,60,4,2,2,Lions
Pass,2,20,0,70,4,1,55,Lions
Pass,3,20,0,70,4,1,49,Lions
Pass,1,10,0,83,4,1,20,Lions
Pass,1,10,0,66,4,1,13,Lions
Pass,2,6,0,62,4,0,50,Lions
Pass,1,10,0,51,4,0,45,Lions
Run,1,10,0,20,4,0,33,Lions
Run,2,7,0,17,4,0,29,Lions
Kneel,3,4,0,14,4,0,26,Lions
Field Goal,4,5,0,15,4,0,3,Lions
Run,1,10,0,75,1,15,0,Seahawks
Pass,1,10,0,52,1,14,21,Seahawks
Pass,1,10,0,38,1,13,45,Seahawks
Run,2,10,0,38,1,13,26,Seahawks
Pass,3,8,0,36,1,12,51,Seahawks
Run,1,10,0,23,1,12,11,Seahawks
Run,2,3,0,16,1,11,28,Seahawks
Pass,3,7,0,20,1,10,42,Seahawks
Pass,1,10,7,89,1,8,3,Seahawks
Run,2,10,7,89,1,8,0,Seahawks
Pass,3,9,7,88,1,7,13,Seahawks
Punt,4,9,7,88,1,7,6,Seahawks
Run,1,10,7,85,1,4,50,Seahawks
Run,2,7,7,82,1,4,14,Seahawks
Pass,3,2,7,77,1,3,34,Seahawks
Pass,3,12,7,87,1,3,5,Seahawks
Punt,4,3,7,78,1,2,18,Seahawks
Pass,1,10,4,75,1,0,28,Seahawks
Pass,1,10,4,64,2,15,0,Seahawks
Pass,1,10,4,46,2,14,24,Seahawks
Pass,1,10,4,31,2,13,41,Seahawks
Pass,2,2,4,23,2,12,57,Seahawks
Pass,2,12,4,33,2,12,22,Seahawks
Run,1,10,4,15,2,12,17,Seahawks
Pass,2,6,4,11,2,11,37,Seahawks
Run,2,1,4,6,2,11,33,Seahawks
Pass,1,1,4,1,2,10,51,Seahawks
Run,2,1,4,1,2,10,49,Seahawks
Run,3,1,4,1,2,9,55,Seahawks
Run,1,10,11,60,2,5,43,Seahawks
Run,1,10,11,42,2,5,4,Seahawks
Pass,2,7,11,39,2,4,34,Seahawks
Pass,1,10,11,29,2,3,50,Seahawks
Pass,2,10,11,29,2,3,46,Seahawks
Pass,1,10,11,13,2,3,17,Seahawks
Run,2,10,11,13,2,2,33,Seahawks
Run,3,1,11,4,2,2,0,Seahawks
Run,1,2,11,2,2,1,50,Seahawks
Run,2,1,11,1,2,1,40,Seahawks
Run,3,1,11,1,2,1,3,Seahawks
Pass,1,10,11,75,3,9,44,Seahawks
Pass,2,10,11,75,3,9,35,Seahawks
Pass,3,6,11,71,3,8,50,Seahawks
Run,1,10,11,44,3,8,2,Seahawks
Pass,2,6,11,40,3,7,21,Seahawks
Run,1,10,11,74,3,0,33,Seahawks
Run,2,2,11,66,4,15,0,Seahawks
Pass,3,4,11,68,4,14,15,Seahawks
Punt,4,4,11,68,4,14,12,Seahawks
Pass,1,10,5,73,4,9,28,Seahawks
Pass,2,10,5,73,4,9,23,Seahawks
Pass,3,10,5,73,4,9,19,Seahawks
Run,1,10,5,62,4,8,35,Seahawks
Run,2,8,5,60,4,7,51,Seahawks
Run,1,10,5,41,4,7,18,Seahawks
Pass,2,9,5,40,4,6,32,Seahawks
Pass,3,9,5,40,4,6,27,Seahawks
Punt,4,17,5,48,4,5,4,Seahawks
Run,1,10,5,80,4,2,32,Seahawks
Pass,2,8,5,78,4,2,26,Seahawks
Pass,3,8,5,78,4,2,19,Seahawks
Run,1,10,5,46,4,2,12,Seahawks
Run,2,9,5,45,4,2,8,Seahawks
Pass,3,9,5,45,4,2,0,Seahawks
Kneel,1,10,5,36,4,1,48,Seahawks
Kneel,2,10,5,36,4,1,14,Seahawks
Kneel,3,11,5,37,4,0,38,Seahawks
Run,1,10,0,75,1,13,5,49ers
Pass,2,1,0,66,1,12,30,49ers
Pass,1,10,0,59,1,11,58,49ers
Run,2,7,0,56,1,11,20,49ers
Pass,3,3,0,52,1,10,38,49ers
Punt,4,1,0,50,1,9,40,49ers
Pass,1,10,-7,75,1,5,55,49ers
Pass,2,9,-7,74,1,5,19,49ers
Run,1,10,-7,61,1,4,44,49ers
Run,2,7,-7,58,1,4,0,49ers
Pass,3,7,-7,58,1,3,17,49ers
Punt,4,20,-7,71,1,2,31,49ers
Run,1,10,-10,75,2,14,55,49ers
Pass,2,4,-10,69,2,14,8,49ers
Pass,3,6,-10,71,2,13,24,49ers
Punt,4,21,-10,86,2,12,39,49ers
Pass,1,10,-17,75,2,9,12,49ers
Run,1,10,-17,52,2,8,30,49ers
Run,1,10,-17,41,2,7,47,49ers
Run,2,3,-17,34,2,7,3,49ers
Run,1,10,-17,30,2,6,25,49ers
Pass,1,10,-20,92,2,1,51,49ers
Pass,1,15,-20,78,2,1,12,49ers
Pass,2,15,-20,78,2,1,8,49ers
Pass,1,10,-27,75,2,0,45,49ers
Pass,2,11,-27,76,2,0,23,49ers
Run,3,11,-27,76,2,0,19,49ers
Punt,4,9,-27,74,2,0,14,49ers
Pass,1,10,-27,75,3,15,0,49ers
Pass,1,10,-27,59,3,14,36,49ers
Pass,2,10,-27,59,3,14,33,49ers
Pass,1,10,-27,45,3,14,0,49ers
Run,2,2,-27,37,3,13,11,49ers
Pass,1,10,-27,34,3,12,30,49ers
Pass,2,8,-27,32,3,11,52,49ers
Pass,3,4,-27,28,3,11,10,49ers
Pass,1,15,-27,27,3,10,9,49ers
Pass,2,8,-27,20,3,9,30,49ers
Pass,1,9,-27,9,3,8,49,49ers
Pass,1,10,-27,75,3,4,49,49ers
Pass,2,3,-27,68,3,4,13,49ers
Pass,1,10,-27,63,3,3,31,49ers
Run,2,10,-27,63,3,3,26,49ers
Pass,3,7,-27,60,3,2,43,49ers
Run,1,10,-27,55,3,2,24,49ers
Pass,1,20,-27,65,3,1,59,49ers
Pass,2,18,-27,63,3,1,26,49ers
Pass,3,12,-27,57,3,0,39,49ers
Pass,4,2,-27,47,3,0,5,49ers
Pass,1,10,-27,43,4,15,0,49ers
Run,1,1,-27,1,4,14,45,49ers
Pass,1,10,-21,92,4,11,25,49ers
Pass,2,5,-21,87,4,10,55,49ers
Pass,3,5,-21,87,4,10,48,49ers
Run,1,10,-21,22,4,10,1,49ers
Pass,2,10,-21,22,4,9,28,49ers
Pass,3,2,-21,14,4,8,57,49ers
Pass,1,8,-21,8,4,8,21,49ers
Run,1,10,-17,75,4,3,26,49ers
Pass,2,6,-17,71,4,3,1,49ers
Pass,3,13,-17,78,4,2,15,49ers
Pass,4,13,-17,78,4,2,8,49ers
Pass,1,10,-17,62,4,1,59,49ers
